{"cameraMode":{"drawMode":0,"name":"Shaded","section":"Shading Mode"},"sceneLighting":true,"audioPlay":false,"sceneViewState":{"m_AlwaysRefresh":false,"showFog":true,"showSkybox":true,"showFlares":true,"showImageEffects":true,"showParticleSystems":true,"showVisualEffectGraphs":true,"m_FxEnabled":true},"in2DMode":false,"pivot":{"x":1.1845831871032715,"y":2.092132091522217,"z":-11.143119812011719},"rotation":{"x":0.1771383285522461,"y":-0.8032591938972473,"z":0.48842674493789675,"w":0.2913927733898163},"size":14.190573692321778,"orthographic":false}